lr-AdamW,step,P@CONST_DIR,R@CONST_DIR,F1@CONST_DIR,P@PARAM,R@PARAM,F1@PARAM,P@OBJ_NAME,R@OBJ_NAME,F1@OBJ_NAME,P@OBJ_DIR,R@OBJ_DIR,F1@OBJ_DIR,P@VAR,R@VAR,F1@VAR,P@LIMIT,R@LIMIT,F1@LIMIT,micro@P,micro@R,micro@F1,MD@R,MD@P,MD@F1,ALLTRUE,ALLRECALLED,ALLPRED,loss,epoch,val_P@CONST_DIR/epoch_0,val_R@CONST_DIR/epoch_0,val_F1@CONST_DIR/epoch_0,val_P@PARAM/epoch_0,val_R@PARAM/epoch_0,val_F1@PARAM/epoch_0,val_P@OBJ_DIR/epoch_0,val_R@OBJ_DIR/epoch_0,val_F1@OBJ_DIR/epoch_0,val_P@OBJ_NAME/epoch_0,val_R@OBJ_NAME/epoch_0,val_F1@OBJ_NAME/epoch_0,val_P@LIMIT/epoch_0,val_R@LIMIT/epoch_0,val_F1@LIMIT/epoch_0,val_P@VAR/epoch_0,val_R@VAR/epoch_0,val_F1@VAR/epoch_0,val_micro@P/epoch_0,val_micro@R/epoch_0,val_micro@F1/epoch_0,val_MD@R/epoch_0,val_MD@P/epoch_0,val_MD@F1/epoch_0,val_ALLTRUE/epoch_0,val_ALLRECALLED/epoch_0,val_ALLPRED/epoch_0,val_loss/epoch_0,val_P@CONST_DIR,val_R@CONST_DIR,val_F1@CONST_DIR,val_P@PARAM,val_R@PARAM,val_F1@PARAM,val_P@OBJ_NAME,val_R@OBJ_NAME,val_F1@OBJ_NAME,val_P@OBJ_DIR,val_R@OBJ_DIR,val_F1@OBJ_DIR,val_P@VAR,val_R@VAR,val_F1@VAR,val_P@LIMIT,val_R@LIMIT,val_F1@LIMIT,val_micro@P,val_micro@R,val_micro@F1,val_MD@R,val_MD@P,val_MD@F1,val_ALLTRUE,val_ALLRECALLED,val_ALLPRED,val_loss,val_P@CONST_DIR/epoch_1,val_R@CONST_DIR/epoch_1,val_F1@CONST_DIR/epoch_1,val_P@PARAM/epoch_1,val_R@PARAM/epoch_1,val_F1@PARAM/epoch_1,val_P@OBJ_DIR/epoch_1,val_R@OBJ_DIR/epoch_1,val_F1@OBJ_DIR/epoch_1,val_P@OBJ_NAME/epoch_1,val_R@OBJ_NAME/epoch_1,val_F1@OBJ_NAME/epoch_1,val_P@LIMIT/epoch_1,val_R@LIMIT/epoch_1,val_F1@LIMIT/epoch_1,val_P@VAR/epoch_1,val_R@VAR/epoch_1,val_F1@VAR/epoch_1,val_micro@P/epoch_1,val_micro@R/epoch_1,val_micro@F1/epoch_1,val_MD@R/epoch_1,val_MD@P/epoch_1,val_MD@F1/epoch_1,val_ALLTRUE/epoch_1,val_ALLRECALLED/epoch_1,val_ALLPRED/epoch_1,val_loss/epoch_1,val_P@CONST_DIR/epoch_2,val_R@CONST_DIR/epoch_2,val_F1@CONST_DIR/epoch_2,val_P@PARAM/epoch_2,val_R@PARAM/epoch_2,val_F1@PARAM/epoch_2,val_P@OBJ_DIR/epoch_2,val_R@OBJ_DIR/epoch_2,val_F1@OBJ_DIR/epoch_2,val_P@OBJ_NAME/epoch_2,val_R@OBJ_NAME/epoch_2,val_F1@OBJ_NAME/epoch_2,val_P@LIMIT/epoch_2,val_R@LIMIT/epoch_2,val_F1@LIMIT/epoch_2,val_P@VAR/epoch_2,val_R@VAR/epoch_2,val_F1@VAR/epoch_2,val_micro@P/epoch_2,val_micro@R/epoch_2,val_micro@F1/epoch_2,val_MD@R/epoch_2,val_MD@P/epoch_2,val_MD@F1/epoch_2,val_ALLTRUE/epoch_2,val_ALLRECALLED/epoch_2,val_ALLPRED/epoch_2,val_loss/epoch_2
1.9977303676804357e-05,49,,,,,,,,,,,,,,,,,,,,,,,,,,,,,,,,,,,,,,,,,,,,,,,,,,,,,,,,,,,,,,,,,,,,,,,,,,,,,,,,,,,,,,,,,,,,,,,,,,,,,,,,,,,,,,,,,,,,,,,,,,,,,,,,,,,,,,,,,,,,,
,49,0.007889925911671317,0.04520396912899669,0.01343491439335554,0.05555555555555525,0.00024213075060532688,0.00048216007714474814,0.0,0.0,0.0,0.0,0.0,0.0,0.0017482517482517483,0.0005870841487279843,0.0008789920890335595,0.018993066023515224,0.09273797841020609,0.031528901493007064,0.012432188065099457,0.01690850959173635,0.014328887036216273,0.11214953271028037,0.08245931283905968,0.09503959983321503,16264,1824,22120,142.4794921875,0,,,,,,,,,,,,,,,,,,,,,,,,,,,,,,,,,,,,,,,,,,,,,,,,,,,,,,,,,,,,,,,,,,,,,,,,,,,,,,,,,,,,,,,,,,,,,,,,,,,,,,,,,,,,,,,,
,89,0.010332519256058614,0.033887861983980284,0.015836452634574037,0.4398791540785498,0.3004126547455296,0.35700858193701757,0.8894736842105261,0.08043788672060924,0.1475338280226823,0.0,0.0,0.0,0.32318299339270323,0.1221763683753258,0.17731893766250256,0.019057963858990817,0.05346260387811634,0.028099293877809395,0.13318048484439798,0.13643271621995026,0.13478698537812134,0.23055402044763748,0.2250581610978118,0.22777294364534084,28952,6675,29659,165.32621807522244,0,,,,,,,,,,,,,,,,,,,,,,,,,,,,,,,,,,,,,,,,,,,,,,,,,,,,,,,,,,,,,,,,,,,,,,,,,,,,,,,,,,,,,,,,,,,,,,,,,,,,,,,,,,,,,,,,
,0,,,,,,,,,,,,,,,,,,,,,,,,,,,,,,0.9999999999999749,0.2666666666666649,0.4210526315789097,0.5308641975308636,0.8775510204081615,0.6615384615384136,0.0,0.0,0.0,0.6956521739130405,0.727272727272724,0.7111111111110581,0.0,0.0,0.0,0.6538461538461526,0.6666666666666654,0.6601941747572304,0.5878787878787874,0.5878787878787874,0.5878787878787375,0.696969696969697,0.696969696969697,0.6969696969696471,165,115,165,56.38291931152344,,,,,,,,,,,,,,,,,,,,,,,,,,,,,,,,,,,,,,,,,,,,,,,,,,,,,,,,,,,,,,,,,,,,,,,,,,,,,,,,,,,,
,1,,,,,,,,,,,,,,,,,,,,,,,,,,,,,,0.9999999999999917,0.41379310344827447,0.5853658536584925,0.5555555555555551,0.9278350515463908,0.6949806949806475,0.0,0.0,0.0,0.7083333333333318,0.7555555555555539,0.7311827956988732,0.49999999999998745,0.05128205128205115,0.09302325581393618,0.6633663366336627,0.6203703703703698,0.6411483253588012,0.6137724550898201,0.6137724550898201,0.6137724550897702,0.7125748502994012,0.7125748502994012,0.7125748502993512,334,238,334,56.57497787475586,,,,,,,,,,,,,,,,,,,,,,,,,,,,,,,,,,,,,,,,,,,,,,,,,,,,,,,,,,,,,,,,,,,,,,,,,,,,,,,,,,,,
,2,,,,,,,,,,,,,,,,,,,,,,,,,,,,,,0.9629629629629595,0.5098039215686264,0.6666666666666198,0.5422222222222219,0.9312977099236633,0.6853932584269193,0.0,0.0,0.0,0.7076923076923066,0.6478873239436611,0.6764705882352433,0.5555555555555494,0.08474576271186426,0.14705882352938834,0.6874999999999996,0.6874999999999996,0.6874999999999496,0.6204819277108432,0.6229838709677418,0.6217303822937124,0.719758064516129,0.7168674698795181,0.7183098591548797,496,357,498,71.59959411621094,,,,,,,,,,,,,,,,,,,,,,,,,,,,,,,,,,,,,,,,,,,,,,,,,,,,,,,,,,,,,,,,,,,,,,,,,,,,,,,,,,,,
,3,,,,,,,,,,,,,,,,,,,,,,,,,,,,,,0.9210526315789449,0.4929577464788725,0.6422018348623387,0.5445205479452052,0.9408284023668633,0.6898047722342265,0.0,0.0,0.0,0.6764705882352932,0.5054945054945049,0.5786163522012082,0.3846153846153817,0.062499999999999924,0.10752688172040584,0.6325581395348834,0.626728110599078,0.6296296296295792,0.596244131455399,0.5772727272727272,0.5866050808313586,0.6712121212121213,0.6932707355242567,0.6820631254810894,660,443,639,112.98444366455078,,,,,,,,,,,,,,,,,,,,,,,,,,,,,,,,,,,,,,,,,,,,,,,,,,,,,,,,,,,,,,,,,,,,,,,,,,,,,,,,,,,,
,4,,,,,,,,,,,,,,,,,,,,,,,,,,,,,,0.9411764705882335,0.5106382978723398,0.6620689655171949,0.5338983050847456,0.9310344827586202,0.678635547576255,0.0,0.0,0.0,0.6533333333333324,0.44545454545454505,0.5297297297296809,0.2727272727272715,0.05882352941176465,0.09677419354835776,0.5785440613026818,0.5471014492753621,0.562383612662892,0.5672215108834826,0.5382746051032806,0.5523690773066832,0.6330498177399757,0.6670934699103713,0.6496259351620449,823,521,781,126.52095031738281,,,,,,,,,,,,,,,,,,,,,,,,,,,,,,,,,,,,,,,,,,,,,,,,,,,,,,,,,,,,,,,,,,,,,,,,,,,,,,,,,,,,
,5,,,,,,,,,,,,,,,,,,,,,,,,,,,,,,0.9365079365079351,0.5175438596491223,0.6666666666666201,0.5348837209302324,0.9311740890688255,0.6794682422451529,0.0,0.0,0.0,0.6124999999999993,0.37984496124030975,0.4688995215310528,0.2222222222222214,0.04761904761904758,0.07843137254899045,0.5907590759075906,0.5541795665634673,0.571884984025509,0.5666305525460454,0.530964467005076,0.5482180293500548,0.6284263959390863,0.6706392199349945,0.6488469601676651,985,619,923,96.98773193359375,,,,,,,,,,,,,,,,,,,,,,,,,,,,,,,,,,,,,,,,,,,,,,,,,,,,,,,,,,,,,,,,,,,,,,,,,,,,,,,,,,,,
,6,,,,,,,,,,,,,,,,,,,,,,,,,,,,,,0.9249999999999988,0.5481481481481477,0.6883720930232085,0.5502008032128513,0.935153583617747,0.6927939317319379,0.0,0.0,0.0,0.6049382716049375,0.3081761006289306,0.4083333333332882,0.1666666666666662,0.040816326530612214,0.0655737704917716,0.5888888888888887,0.5549738219895286,0.5714285714285213,0.5715613382899628,0.5256410256410257,0.5476402493320961,0.6213675213675214,0.6756505576208178,0.6473731077470561,1170,727,1076,105.15423583984375,,,,,,,,,,,,,,,,,,,,,,,,,,,,,,,,,,,,,,,,,,,,,,,,,,,,,,,,,,,,,,,,,,,,,,,,,,,,,,,,,,,,
,7,,,,,,,,,,,,,,,,,,,,,,,,,,,,,,0.9052631578947359,0.5584415584415581,0.6907630522087875,0.5539823008849556,0.9315476190476187,0.6947835738068344,0.0,0.0,0.0,0.5903614457831319,0.2606382978723403,0.3616236162361196,0.18604651162790656,0.04761904761904759,0.07582938388622339,0.5902439024390242,0.5550458715596329,0.5721040189124795,0.5726004922067268,0.5193452380952381,0.5446742099102115,0.6145833333333334,0.6776045939294504,0.6445571595785691,1344,826,1219,139.60528564453125,,,,,,,,,,,,,,,,,,,,,,,,,,,,,,,,,,,,,,,,,,,,,,,,,,,,,,,,,,,,,,,,,,,,,,,,,,,,,,,,,,,,
,8,,,,,,,,,,,,,,,,,,,,,,,,,,,,,,0.9189189189189181,0.5828571428571425,0.7132867132866653,0.5566037735849055,0.926701570680628,0.6954813359528017,0.0,0.0,0.0,0.563218390804597,0.23113207547169798,0.32775919732437314,0.18367346938775472,0.04736842105263155,0.07531380753134809,0.6021276595744679,0.5659999999999998,0.5835051546391252,0.577536231884058,0.5212557226945717,0.547954623581937,0.6173969914977109,0.6840579710144927,0.649020281883759,1529,944,1380,101.37995910644531,,,,,,,,,,,,,,,,,,,,,,,,,,,,,,,,,,,,,,,,,,,,,,,,,,,,,,,,,,,,,,,,,,,,,,,,,,,,,,,,,,,,
,9,,,,,,,,,,,,,,,,,,,,,,,,,,,,,,0.9307692307692299,0.6080402010050248,0.7355623100303469,0.5560407569141192,0.9271844660194172,0.6951774340308902,0.0,0.0,0.0,0.5319148936170207,0.21459227467811148,0.3058103975534756,0.18333333333333304,0.05213270142180092,0.08118081180808354,0.5999999999999999,0.5561497326203207,0.5772432932469436,0.5770750988142292,0.5174246898995866,0.5456244160697103,0.6113408151210868,0.6818181818181818,0.6446589847399067,1693,1035,1518,112.88834381103516,,,,,,,,,,,,,,,,,,,,,,,,,,,,,,,,,,,,,,,,,,,,,,,,,,,,,,,,,,,,,,,,,,,,,,,,,,,,,,,,,,,,
,10,,,,,,,,,,,,,,,,,,,,,,,,,,,,,,0.9199999999999993,0.6216216216216213,0.7419354838709192,0.551490514905149,0.9249999999999997,0.6910016977928224,0.0,0.0,0.0,0.4999999999999995,0.19920318725099592,0.284900284900244,0.2031249999999997,0.056521739130434755,0.08843537414962575,0.6204506065857884,0.5755627009646301,0.5971643035862718,0.5826296743063932,0.5221621621621622,0.5507411630558224,0.6151351351351352,0.6863691194209891,0.6488027366020027,1850,1138,1658,93.34347534179688,,,,,,,,,,,,,,,,,,,,,,,,,,,,,,,,,,,,,,,,,,,,,,,,,,,,,,,,,,,,,,,,,,,,,,,,,,,,,,,,,,,,
,11,,,,,,,,,,,,,,,,,,,,,,,,,,,,,,0.9176470588235288,0.6367346938775508,0.7518072289156139,0.5474083438685208,0.9271948608137043,0.688394276629524,0.0,0.0,0.0,0.47663551401869114,0.18681318681318673,0.2684210526315383,0.1999999999999997,0.05533596837944661,0.08668730650151397,0.6134185303514376,0.5697329376854599,0.5907692307691808,0.5785953177257525,0.5177057356608479,0.546459594630116,0.6114713216957606,0.6833890746934225,0.6454330086864465,2005,1226,1794,112.86152648925781,,,,,,,,,,,,,,,,,,,,,,,,,,,,,,,,,,,,,,,,,,,,,,,,,,,,,,,,,,,,,,,,,,,,,,,,,,,,,,,,,,,,
,12,,,,,,,,,,,,,,,,,,,,,,,,,,,,,,0.915254237288135,0.6403162055335966,0.7534883720929745,0.5457920792079207,0.922594142259414,0.6858475894245255,0.0,0.0,0.0,0.47222222222222177,0.18345323741007186,0.26424870466317196,0.18918918918918892,0.05426356589147285,0.08433734939755566,0.6160990712074302,0.5734870317002881,0.5940298507462187,0.578404774823657,0.5182304326689353,0.5466666666666168,0.6110841030627127,0.6820401519262073,0.6446153846153347,2057,1257,1843,102.36144256591797,,,,,,,,,,,,,,,,,,,,,,,,,,,,,,,,,,,,,,,,,,,,,,,,,,,,,,,,,,,,,,,,,,,,,,,,,,,,,,,,,,,,
,89,,,,,,,,,,,,,,,,,,,,,,,,,,,,,0,,,,,,,,,,,,,,,,,,,,,,,,,,,,,0.915254237288135,0.6403162055335966,0.7534883720929745,0.5457920792079207,0.922594142259414,0.6858475894245255,0.47222222222222177,0.18345323741007186,0.26424870466317196,0.0,0.0,0.0,0.6160990712074302,0.5734870317002881,0.5940298507462187,0.18918918918918892,0.05426356589147285,0.08433734939755566,0.578404774823657,0.5182304326689353,0.5466666666666168,0.6110841030627127,0.6820401519262073,0.6446153846153347,2057,1257,1843,99.12652969360352,,,,,,,,,,,,,,,,,,,,,,,,,,,,,,,,,,,,,,,,,,,,,,,,,,,,,,,,
1.9750340444847934e-05,99,,,,,,,,,,,,,,,,,,,,,,,,,,,,,,,,,,,,,,,,,,,,,,,,,,,,,,,,,,,,,,,,,,,,,,,,,,,,,,,,,,,,,,,,,,,,,,,,,,,,,,,,,,,,,,,,,,,,,,,,,,,,,,,,,,,,,,,,,,,,,
,99,0.6521739130434779,0.4508196721311474,0.5331179321485783,0.5589101620029455,0.8744239631336405,0.6819407008085778,0.6883408071748878,0.6476793248945146,0.6673913043477759,0.05405405405405391,0.01249999999999999,0.02030456852788825,0.679368029739777,0.7001915708812261,0.6896226415093839,0.19199999999999984,0.06060606060606059,0.09213051823412856,0.6033383915022762,0.6009673518742442,0.6021505376343586,0.7097944377267231,0.7125948406676783,0.7111918824776117,3308,2348,3295,76.49646759033203,1,,,,,,,,,,,,,,,,,,,,,,,,,,,,,,,,,,,,,,,,,,,,,,,,,,,,,,,,,,,,,,,,,,,,,,,,,,,,,,,,,,,,,,,,,,,,,,,,,,,,,,,,,,,,,,,,
1.9523377212891513e-05,149,,,,,,,,,,,,,,,,,,,,,,,,,,,,,,,,,,,,,,,,,,,,,,,,,,,,,,,,,,,,,,,,,,,,,,,,,,,,,,,,,,,,,,,,,,,,,,,,,,,,,,,,,,,,,,,,,,,,,,,,,,,,,,,,,,,,,,,,,,,,,
,149,0.8141711229946524,0.5623268698060941,0.6652102676132777,0.6837797619047619,0.9297855119384865,0.7880294975132422,0.7160407160407161,0.7198306280875089,0.7179306704205026,0.8021828103683492,0.615062761506276,0.6962699822379613,0.8163265306122449,0.8598726114649682,0.8375339278789731,0.5949926362297496,0.33169129720853857,0.42593568792826186,0.7409336907591928,0.7468644845518507,0.7438872667258609,0.8238503110023453,0.8173081786454909,0.8205662054081003,19614,16159,19771,32.11918640136719,1,,,,,,,,,,,,,,,,,,,,,,,,,,,,,,,,,,,,,,,,,,,,,,,,,,,,,,,,,,,,,,,,,,,,,,,,,,,,,,,,,,,,,,,,,,,,,,,,,,,,,,,,,,,,,,,,
,179,0.8290336685614342,0.5841035120147874,0.6853424905114281,0.7360751295336787,0.9379642365887207,0.8248457723478398,0.723769730733519,0.7420276059019515,0.7327849588718655,0.8676716917922948,0.731638418079096,0.7938697318007167,0.8439966763606149,0.88249348392702,0.8628158844764844,0.6938097216452015,0.4626038781163435,0.5550939006148765,0.7791872937293729,0.7828474716772589,0.781013094417593,0.8451229621442388,0.8411716171617162,0.8431426602342712,28952,24468,29088,36.87490635977851,1,,,,,,,,,,,,,,,,,,,,,,,,,,,,,,,,,,,,,,,,,,,,,,,,,,,,,,,,,,,,,,,,,,,,,,,,,,,,,,,,,,,,,,,,,,,,,,,,,,,,,,,,,,,,,,,,
,0,,,,,,,,,,,,,,,,,,,,,,,,,,,,,,,,,,,,,,,,,,,,,,,,,,,,,,,,,,,,,,,,,,,,,,,,,,,,,,,,,,,,,,0.7499999999999938,0.599999999999996,0.6666666666666123,0.9423076923076905,0.999999999999998,0.9702970297029185,0.9999999999999876,0.9999999999999876,0.9999999999999376,0.7692307692307663,0.909090909090905,0.8333333333332802,0.9473684210526266,0.8999999999999955,0.9230769230768684,0.8070175438596477,0.9019607843137237,0.8518518518518005,0.8620689655172408,0.9090909090909085,0.8849557522123388,0.9151515151515152,0.867816091954023,0.8908554572270887,165,151,174,23.534767150878906,,,,,,,,,,,,,,,,,,,,,,,,,,,,
,1,,,,,,,,,,,,,,,,,,,,,,,,,,,,,,,,,,,,,,,,,,,,,,,,,,,,,,,,,,,,,,,,,,,,,,,,,,,,,,,,,,,,,,0.8799999999999965,0.7586206896551698,0.8148148148147621,0.9595959595959587,0.979381443298968,0.9693877551019898,0.9999999999999938,0.9999999999999938,0.9999999999999438,0.8599999999999983,0.9555555555555535,0.9052631578946851,0.9487179487179463,0.9487179487179463,0.9487179487178964,0.8157894736842098,0.8611111111111103,0.8378378378377872,0.8921282798833816,0.9161676646706584,0.9039881831609541,0.9221556886227545,0.8979591836734694,0.9098966026587388,334,308,343,14.518134117126465,,,,,,,,,,,,,,,,,,,,,,,,,,,,
,2,,,,,,,,,,,,,,,,,,,,,,,,,,,,,,,,,,,,,,,,,,,,,,,,,,,,,,,,,,,,,,,,,,,,,,,,,,,,,,,,,,,,,,0.8297872340425514,0.7647058823529397,0.7959183673468873,0.9473684210526307,0.9618320610687014,0.9545454545454037,0.9599999999999962,0.9999999999999959,0.97959183673464,0.7209302325581387,0.873239436619717,0.7898089171974016,0.915254237288134,0.915254237288134,0.9152542372880841,0.8114285714285709,0.8874999999999994,0.8477611940298003,0.8514285714285712,0.9012096774193546,0.8756121449558755,0.9173387096774194,0.8666666666666667,0.89128305582757,496,455,525,28.123516082763672,,,,,,,,,,,,,,,,,,,,,,,,,,,,
,3,,,,,,,,,,,,,,,,,,,,,,,,,,,,,,,,,,,,,,,,,,,,,,,,,,,,,,,,,,,,,,,,,,,,,,,,,,,,,,,,,,,,,,0.7575757575757565,0.7042253521126751,0.7299270072992192,0.9523809523809518,0.9467455621301769,0.9495548961423826,0.9696969696969667,0.9999999999999969,0.9846153846153317,0.5794392523364481,0.6813186813186806,0.626262626262576,0.7640449438202238,0.849999999999999,0.8047337278106003,0.8290598290598287,0.8940092165898613,0.8603104212859808,0.8120516499282638,0.8575757575757574,0.8341930729549978,0.8787878787878788,0.8321377331420373,0.8548268238761476,660,580,697,58.766639709472656,,,,,,,,,,,,,,,,,,,,,,,,,,,,
,4,,,,,,,,,,,,,,,,,,,,,,,,,,,,,,,,,,,,,,,,,,,,,,,,,,,,,,,,,,,,,,,,,,,,,,,,,,,,,,,,,,,,,,0.7555555555555548,0.7234042553191482,0.739130434782558,0.9299999999999995,0.9162561576354674,0.9230769230768726,0.9743589743589719,0.9999999999999973,0.9870129870129346,0.5158730158730155,0.5909090909090904,0.5508474576270685,0.7179487179487173,0.8235294117647051,0.7671232876711824,0.8169491525423725,0.8731884057971011,0.8441330998248183,0.7866205305651671,0.8286755771567436,0.8071005917159263,0.8554070473876063,0.81199538638985,0.8331360946745063,823,704,867,63.447444915771484,,,,,,,,,,,,,,,,,,,,,,,,,,,,
,5,,,,,,,,,,,,,,,,,,,,,,,,,,,,,,,,,,,,,,,,,,,,,,,,,,,,,,,,,,,,,,,,,,,,,,,,,,,,,,,,,,,,,,0.7870370370370363,0.7456140350877186,0.765765765765715,0.9333333333333329,0.906882591093117,0.9199178644763357,0.9787234042553171,0.9999999999999979,0.9892473118279049,0.4220779220779218,0.5038759689922476,0.4593639575971231,0.6912751677852343,0.8174603174603168,0.7490909090908588,0.8396501457725944,0.8916408668730647,0.8648648648648146,0.7790585975024016,0.8233502538071065,0.8005923000986667,0.8507614213197969,0.8049951969260326,0.8272458045409175,985,838,1041,40.959251403808594,,,,,,,,,,,,,,,,,,,,,,,,,,,,
,6,,,,,,,,,,,,,,,,,,,,,,,,,,,,,,,,,,,,,,,,,,,,,,,,,,,,,,,,,,,,,,,,,,,,,,,,,,,,,,,,,,,,,,0.8076923076923069,0.7777777777777771,0.7924528301886286,0.9397163120567372,0.9044368600682591,0.9217391304347322,0.98181818181818,0.9999999999999981,0.9908256880733427,0.37158469945355166,0.42767295597484245,0.39766081871340025,0.679775280898876,0.8231292517006796,0.7446153846153346,0.8582089552238804,0.9031413612565442,0.8801020408162763,0.7788617886178861,0.8188034188034188,0.7983333333332834,0.8452991452991453,0.8040650406504065,0.8241666666666168,1170,989,1230,40.90298843383789,,,,,,,,,,,,,,,,,,,,,,,,,,,,
,7,,,,,,,,,,,,,,,,,,,,,,,,,,,,,,,,,,,,,,,,,,,,,,,,,,,,,,,,,,,,,,,,,,,,,,,,,,,,,,,,,,,,,,0.8150684931506843,0.7727272727272722,0.7933333333332828,0.9444444444444441,0.9107142857142854,0.9272727272726771,0.9841269841269825,0.9999999999999984,0.9919999999999484,0.34482758620689635,0.37234042553191465,0.35805626598460455,0.696517412935323,0.8333333333333328,0.7588075880758307,0.8518518518518516,0.8967889908256879,0.8737430167597264,0.7793696275071633,0.8095238095238095,0.7941605839415559,0.8348214285714286,0.8037249283667621,0.8189781021897311,1344,1122,1396,77.82213592529297,,,,,,,,,,,,,,,,,,,,,,,,,,,,
,8,,,,,,,,,,,,,,,,,,,,,,,,,,,,,,,,,,,,,,,,,,,,,,,,,,,,,,,,,,,,,,,,,,,,,,,,,,,,,,,,,,,,,,0.8292682926829262,0.7771428571428567,0.8023598820058493,0.9508196721311473,0.9109947643979055,0.9304812834224098,0.9722222222222209,0.9999999999999986,0.9859154929576951,0.3004291845493561,0.33018867924528283,0.31460674157298363,0.701298701298701,0.852631578947368,0.7695961995248909,0.8522072936660267,0.8879999999999998,0.86973555337899,0.775047258979206,0.8044473512099412,0.7894736842104764,0.8273381294964028,0.7971014492753623,0.8119383825416703,1529,1265,1587,47.15064239501953,,,,,,,,,,,,,,,,,,,,,,,,,,,,
,9,,,,,,,,,,,,,,,,,,,,,,,,,,,,,,,,,,,,,,,,,,,,,,,,,,,,,,,,,,,,,,,,,,,,,,,,,,,,,,,,,,,,,,0.8201058201058196,0.7788944723618086,0.7989690721648982,0.9536082474226801,0.8980582524271842,0.9249999999999498,0.9746835443037962,0.9999999999999987,0.9871794871794359,0.2889733840304181,0.32618025751072943,0.3064516129031758,0.6844106463878324,0.8530805687203787,0.7594936708860263,0.8468158347676419,0.8770053475935827,0.8616462346759569,0.7657402155416903,0.7974010632014176,0.78124999999995,0.822209096278795,0.789563244469654,0.8055555555555056,1693,1392,1763,84.69635009765625,,,,,,,,,,,,,,,,,,,,,,,,,,,,
,10,,,,,,,,,,,,,,,,,,,,,,,,,,,,,,,,,,,,,,,,,,,,,,,,,,,,,,,,,,,,,,,,,,,,,,,,,,,,,,,,,,,,,,0.8285714285714281,0.7837837837837833,0.8055555555555052,0.9513381995133817,0.8886363636363634,0.9189189189188687,0.9770114942528725,0.9999999999999988,0.9883720930232047,0.2727272727272726,0.3227091633466134,0.2956204379561546,0.6782006920415222,0.8521739130434779,0.7552986512523588,0.8516228748068004,0.8858520900321541,0.8684003152087757,0.7614631633178773,0.798918918918919,0.7797414930097101,0.8248648648648649,0.7861926841834106,0.8050646267475101,1850,1526,1941,49.529747009277344,,,,,,,,,,,,,,,,,,,,,,,,,,,,
,11,,,,,,,,,,,,,,,,,,,,,,,,,,,,,,,,,,,,,,,,,,,,,,,,,,,,,,,,,,,,,,,,,,,,,,,,,,,,,,,,,,,,,,0.8347826086956518,0.7836734693877547,0.8084210526315286,0.9540229885057468,0.8886509635974302,0.9201773835919675,0.968749999999999,0.9999999999999989,0.9841269841269331,0.25531914893617014,0.30769230769230754,0.27906976744181083,0.6845425867507884,0.8577075098814225,0.7614035087718802,0.8480113636363635,0.8857566765578634,0.8664731494919673,0.7569872098531502,0.7970074812967581,0.7764820213799307,0.8224438902743142,0.7811463761250592,0.8012633624878024,2005,1649,2111,56.1297721862793,,,,,,,,,,,,,,,,,,,,,,,,,,,,
,12,,,,,,,,,,,,,,,,,,,,,,,,,,,,,,,,,,,,,,,,,,,,,,,,,,,,,,,,,,,,,,,,,,,,,,,,,,,,,,,,,,,,,,0.8389830508474572,0.7826086956521736,0.8098159509201951,0.9525959367945821,0.8828451882845186,0.9163952225840976,0.9696969696969687,0.999999999999999,0.9846153846153336,0.24561403508771923,0.30215827338129486,0.2709677419354344,0.670731707317073,0.8527131782945733,0.7508532423207697,0.8498622589531679,0.8890489913544667,0.8690140845069921,0.7529898804047838,0.7958191541079241,0.7738123375088133,0.8215848322800194,0.7773689052437902,0.7988655164263269,2057,1690,2174,68.2015151977539,,,,,,,,,,,,,,,,,,,,,,,,,,,,
,179,,,,,,,,,,,,,,,,,,,,,,,,,,,,,1,,,,,,,,,,,,,,,,,,,,,,,,,,,,,0.8389830508474572,0.7826086956521736,0.8098159509201951,0.9525959367945821,0.8828451882845186,0.9163952225840976,0.24561403508771923,0.30215827338129486,0.2709677419354344,0.9696969696969687,0.999999999999999,0.9846153846153336,0.8498622589531679,0.8890489913544667,0.8690140845069921,0.670731707317073,0.8527131782945733,0.7508532423207697,0.7529898804047838,0.7958191541079241,0.7738123375088133,0.8215848322800194,0.7773689052437902,0.7988655164263269,2057,1690,2174,50.29099266345684,,,,,,,,,,,,,,,,,,,,,,,,,,,,,,,,,,,,,,,,,,,,,,,,,,,,,,,,
1.929641398093509e-05,199,,,,,,,,,,,,,,,,,,,,,,,,,,,,,,,,,,,,,,,,,,,,,,,,,,,,,,,,,,,,,,,,,,,,,,,,,,,,,,,,,,,,,,,,,,,,,,,,,,,,,,,,,,,,,,,,,,,,,,,,,,,,,,,,,,,,,,,,,,,,,
,199,0.8371385083713849,0.7161458333333333,0.7719298245613537,0.9092558983666061,0.9464735516372796,0.9274915149644671,0.8235877106045589,0.871069182389937,0.8466632705042803,0.9631901840490794,0.9812499999999996,0.9721362229101663,0.9233716475095786,0.9404878048780487,0.9318511358143531,0.8396464646464645,0.8189655172413792,0.8291770573565584,0.8875095785440613,0.8920209488601355,0.8897595452100598,0.91728280961183,0.9126436781609195,0.914957363447749,6492,5955,6525,22.467815399169922,2,,,,,,,,,,,,,,,,,,,,,,,,,,,,,,,,,,,,,,,,,,,,,,,,,,,,,,,,,,,,,,,,,,,,,,,,,,,,,,,,,,,,,,,,,,,,,,,,,,,,,,,,,,,,,,,,
1.9069450748978666e-05,249,,,,,,,,,,,,,,,,,,,,,,,,,,,,,,,,,,,,,,,,,,,,,,,,,,,,,,,,,,,,,,,,,,,,,,,,,,,,,,,,,,,,,,,,,,,,,,,,,,,,,,,,,,,,,,,,,,,,,,,,,,,,,,,,,,,,,,,,,,,,,
,249,0.8741379310344828,0.8015810276679842,0.8362886597937647,0.9373403711901924,0.9603977669225401,0.948728996122311,0.8852025836758661,0.914745145631068,0.899731423455635,0.9716060337178349,0.9811827956989247,0.9763709317877343,0.9368985427550178,0.9502230897936419,0.9435137754395181,0.9034334763948498,0.8863157894736842,0.8947927736450085,0.9205123705913318,0.9245682058512513,0.922535830475638,0.9414434261543885,0.9373135637831198,0.9393739558603211,22696,21367,22796,20.557348251342773,2,,,,,,,,,,,,,,,,,,,,,,,,,,,,,,,,,,,,,,,,,,,,,,,,,,,,,,,,,,,,,,,,,,,,,,,,,,,,,,,,,,,,,,,,,,,,,,,,,,,,,,,,,,,,,,,,
,269,0.879672131147541,0.8265557609365373,0.852287166454842,0.9420309347679893,0.9634112792297111,0.9526011560693143,0.8948103327903189,0.9150404569252737,0.9048123308624045,0.9734822051639916,0.9851694915254238,0.9792909792909293,0.9344314899989303,0.94874022589053,0.9415314975480451,0.9164313946922643,0.8991689750692521,0.9077181208053192,0.9245172816601388,0.9294349267753523,0.926969582141946,0.9441834760983697,0.9391877963306535,0.9416790106444779,28952,27336,29106,15.296389897664389,2,,,,,,,,,,,,,,,,,,,,,,,,,,,,,,,,,,,,,,,,,,,,,,,,,,,,,,,,,,,,,,,,,,,,,,,,,,,,,,,,,,,,,,,,,,,,,,,,,,,,,,,,,,,,,,,,
,0,,,,,,,,,,,,,,,,,,,,,,,,,,,,,,,,,,,,,,,,,,,,,,,,,,,,,,,,,,,,,,,,,,,,,,,,,,,,,,,,,,,,,,,,,,,,,,,,,,,,,,,,,,,,,,,,,,0.812499999999995,0.8666666666666609,0.8387096774192996,0.999999999999998,0.999999999999998,0.999999999999948,0.8888888888888791,0.9999999999999876,0.9411764705881744,0.9565217391304306,0.9999999999999954,0.9777777777777235,0.999999999999995,0.999999999999995,0.9999999999999449,0.8070175438596477,0.9019607843137237,0.8518518518518005,0.9080459770114937,0.957575757575757,0.932153392330333,0.9575757575757575,0.9080459770114943,0.9321533923303335,165,158,174,15.026601791381836
,1,,,,,,,,,,,,,,,,,,,,,,,,,,,,,,,,,,,,,,,,,,,,,,,,,,,,,,,,,,,,,,,,,,,,,,,,,,,,,,,,,,,,,,,,,,,,,,,,,,,,,,,,,,,,,,,,,,0.8965517241379279,0.8965517241379279,0.8965517241378779,0.9896907216494836,0.9896907216494836,0.9896907216494336,0.9411764705882298,0.9999999999999938,0.969696969696914,0.9574468085106362,0.9999999999999978,0.9782608695651653,0.9999999999999974,0.9999999999999974,0.9999999999999474,0.8333333333333326,0.8796296296296289,0.8558558558558051,0.9241982507288626,0.9491017964071853,0.936484490398768,0.9491017964071856,0.924198250728863,0.9364844903987684,334,317,343,11.723453521728516
,2,,,,,,,,,,,,,,,,,,,,,,,,,,,,,,,,,,,,,,,,,,,,,,,,,,,,,,,,,,,,,,,,,,,,,,,,,,,,,,,,,,,,,,,,,,,,,,,,,,,,,,,,,,,,,,,,,,0.9019607843137237,0.9019607843137237,0.9019607843136738,0.9701492537313424,0.9923664122137396,0.9811320754716473,0.9230769230769196,0.9999999999999959,0.9599999999999465,0.860759493670885,0.957746478873238,0.9066666666666157,0.9999999999999982,0.9491525423728797,0.9739130434782093,0.8430232558139529,0.9062499999999993,0.8734939759035639,0.9054054054054053,0.945564516129032,0.9250493096646442,0.9536290322580645,0.9131274131274131,0.9329388560157291,496,473,518,16.46690559387207
,3,,,,,,,,,,,,,,,,,,,,,,,,,,,,,,,,,,,,,,,,,,,,,,,,,,,,,,,,,,,,,,,,,,,,,,,,,,,,,,,,,,,,,,,,,,,,,,,,,,,,,,,,,,,,,,,,,,0.8695652173913031,0.84507042253521,0.857142857142806,0.9537572254335254,0.9763313609467449,0.9649122807017039,0.9411764705882325,0.9999999999999969,0.969696969696917,0.6415094339622636,0.7472527472527465,0.6903553299491882,0.9487179487179475,0.9249999999999988,0.9367088607594426,0.8448275862068961,0.9032258064516124,0.8730512249442705,0.8598265895953756,0.9015151515151514,0.8801775147928493,0.9136363636363637,0.8713872832369942,0.8920118343194767,660,603,692,44.84771728515625
,4,,,,,,,,,,,,,,,,,,,,,,,,,,,,,,,,,,,,,,,,,,,,,,,,,,,,,,,,,,,,,,,,,,,,,,,,,,,,,,,,,,,,,,,,,,,,,,,,,,,,,,,,,,,,,,,,,,0.8666666666666657,0.8297872340425523,0.8478260869564709,0.9386792452830184,0.9802955665024625,0.9590361445782628,0.9499999999999976,0.9999999999999973,0.9743589743589219,0.5923076923076918,0.6999999999999994,0.6416666666666164,0.9285714285714276,0.8921568627450972,0.9099999999999492,0.8368055555555552,0.8731884057971011,0.8546099290779638,0.8438228438228437,0.8797083839611177,0.8613920285543818,0.8942891859052248,0.8578088578088578,0.875669244497273,823,736,858,51.600223541259766
,5,,,,,,,,,,,,,,,,,,,,,,,,,,,,,,,,,,,,,,,,,,,,,,,,,,,,,,,,,,,,,,,,,,,,,,,,,,,,,,,,,,,,,,,,,,,,,,,,,,,,,,,,,,,,,,,,,,0.8807339449541276,0.842105263157894,0.8609865470851511,0.9488188976377948,0.975708502024291,0.9620758483033427,0.9583333333333314,0.9999999999999979,0.9787234042552672,0.5217391304347823,0.6511627906976738,0.5793103448275364,0.9268292682926822,0.9047619047619041,0.9156626506023591,0.8597014925373131,0.8916408668730647,0.8753799392096763,0.8436893203883495,0.882233502538071,0.8625310173696772,0.8964467005076142,0.8572815533980582,0.8764267990073942,985,883,1030,25.103591918945312
,6,,,,,,,,,,,,,,,,,,,,,,,,,,,,,,,,,,,,,,,,,,,,,,,,,,,,,,,,,,,,,,,,,,,,,,,,,,,,,,,,,,,,,,,,,,,,,,,,,,,,,,,,,,,,,,,,,,0.8923076923076916,0.8592592592592585,0.875471698113157,0.9503311258278142,0.9795221843003409,0.9647058823528908,0.9642857142857125,0.9999999999999981,0.9818181818181301,0.5159574468085103,0.6100628930817605,0.5590778097982209,0.9366197183098584,0.9047619047619041,0.9204152249134442,0.8708860759493668,0.9005235602094238,0.8854568854568352,0.8499587798845837,0.8811965811965812,0.8652958455727575,0.8948717948717949,0.8631492168178071,0.8787242971044402,1170,1047,1213,29.95978546142578
,7,,,,,,,,,,,,,,,,,,,,,,,,,,,,,,,,,,,,,,,,,,,,,,,,,,,,,,,,,,,,,,,,,,,,,,,,,,,,,,,,,,,,,,,,,,,,,,,,,,,,,,,,,,,,,,,,,,0.8979591836734687,0.8571428571428565,0.8770764119600822,0.9565217391304345,0.9821428571428568,0.9691629955946632,0.9687499999999984,0.9999999999999984,0.9841269841269326,0.47641509433962237,0.5372340425531912,0.5049999999999499,0.944785276073619,0.9166666666666661,0.9305135951661125,0.8533916849015315,0.8944954128440364,0.8734602463605321,0.8422190201729106,0.8697916666666666,0.8557833089311359,0.8816964285714286,0.8537463976945245,0.8674963396778417,1344,1185,1388,70.55972290039062
,8,,,,,,,,,,,,,,,,,,,,,,,,,,,,,,,,,,,,,,,,,,,,,,,,,,,,,,,,,,,,,,,,,,,,,,,,,,,,,,,,,,,,,,,,,,,,,,,,,,,,,,,,,,,,,,,,,,0.9036144578313247,0.8571428571428565,0.8797653958943775,0.961636828644501,0.9842931937172772,0.9728331177231062,0.9589041095890398,0.9999999999999986,0.9790209790209279,0.48780487804878025,0.5660377358490563,0.5240174672488583,0.9513513513513507,0.9263157894736836,0.938666666666616,0.8532818532818531,0.8839999999999998,0.8683693516698908,0.8448385053831539,0.8724656638325703,0.8584298584298085,0.8848920863309353,0.8568714376187461,0.8706563706563207,1529,1353,1579,30.910411834716797
,9,,,,,,,,,,,,,,,,,,,,,,,,,,,,,,,,,,,,,,,,,,,,,,,,,,,,,,,,,,,,,,,,,,,,,,,,,,,,,,,,,,,,,,,,,,,,,,,,,,,,,,,,,,,,,,,,,,0.9042553191489356,0.8542713567839191,0.878552971576177,0.9643705463182896,0.9854368932038832,0.9747899159663364,0.9624999999999988,0.9999999999999987,0.9808917197451716,0.4623655913978493,0.5536480686695276,0.5039062499999503,0.95631067961165,0.9336492890995256,0.9448441247001894,0.8433734939759034,0.873440285204991,0.8581436077057293,0.837037037037037,0.867690490253987,0.8520881670533144,0.8789131718842291,0.8478632478632478,0.863109048723848,1693,1488,1755,65.70298767089844
,10,,,,,,,,,,,,,,,,,,,,,,,,,,,,,,,,,,,,,,,,,,,,,,,,,,,,,,,,,,,,,,,,,,,,,,,,,,,,,,,,,,,,,,,,,,,,,,,,,,,,,,,,,,,,,,,,,,0.9043062200956933,0.8513513513513509,0.8770301624129427,0.9643652561247213,0.9840909090909088,0.9741282339707034,0.9659090909090898,0.9999999999999988,0.9826589595375211,0.42721518987341756,0.537848605577689,0.4761904761904266,0.9599999999999995,0.9391304347826083,0.9494505494504991,0.8469860896445129,0.8810289389067523,0.863672182821069,0.8304033092037229,0.8681081081081081,0.8488372093022757,0.8783783783783784,0.8402275077559462,0.8588794926003729,1850,1625,1934,36.1948356628418
,11,,,,,,,,,,,,,,,,,,,,,,,,,,,,,,,,,,,,,,,,,,,,,,,,,,,,,,,,,,,,,,,,,,,,,,,,,,,,,,,,,,,,,,,,,,,,,,,,,,,,,,,,,,,,,,,,,,0.9047619047619043,0.8530612244897955,0.8781512605041514,0.9623430962343094,0.9850107066381154,0.9735449735449234,0.9489795918367337,0.9999999999999989,0.973821989528745,0.40401146131805143,0.5164835164835163,0.4533762057877319,0.9593495934959345,0.9328063241106715,0.9458917835670838,0.8516405135520684,0.8857566765578634,0.8683636363635863,0.8254873989538755,0.8658354114713217,0.8451801363193269,0.8763092269326683,0.8354731336186401,0.8554040895812549,2005,1757,2103,43.75446701049805
,12,,,,,,,,,,,,,,,,,,,,,,,,,,,,,,,,,,,,,,,,,,,,,,,,,,,,,,,,,,,,,,,,,,,,,,,,,,,,,,,,,,,,,,,,,,,,,,,,,,,,,,,,,,,,,,,,,,0.9071729957805903,0.8498023715415016,0.877551020408113,0.9631901840490795,0.9853556485355646,0.9741468459151514,0.9504950495049496,0.999999999999999,0.9746192893400505,0.3905817174515234,0.5071942446043164,0.44131455399056096,0.9601593625498004,0.9341085271317825,0.9469548133594782,0.8533886583679113,0.8890489913544667,0.8708539167254263,0.8237742830712304,0.8658240155566359,0.844275894761742,0.8760330578512396,0.8334875115633672,0.8542308603934081,2057,1802,2162,57.19255065917969
,269,,,,,,,,,,,,,,,,,,,,,,,,,,,,,2,,,,,,,,,,,,,,,,,,,,,,,,,,,,,0.9071729957805903,0.8498023715415016,0.877551020408113,0.9631901840490795,0.9853556485355646,0.9741468459151514,0.3905817174515234,0.5071942446043164,0.44131455399056096,0.9504950495049496,0.999999999999999,0.9746192893400505,0.8533886583679113,0.8890489913544667,0.8708539167254263,0.9601593625498004,0.9341085271317825,0.9469548133594782,0.8237742830712304,0.8658240155566359,0.844275894761742,0.8760330578512396,0.8334875115633672,0.8542308603934081,2057,1802,2162,38.38794268094576,,,,,,,,,,,,,,,,,,,,,,,,,,,,,,,,,,,,,,,,,,,,,,,,,,,,,,,,
1.8842487517022242e-05,299,,,,,,,,,,,,,,,,,,,,,,,,,,,,,,,,,,,,,,,,,,,,,,,,,,,,,,,,,,,,,,,,,,,,,,,,,,,,,,,,,,,,,,,,,,,,,,,,,,,,,,,,,,,,,,,,,,,,,,,,,,,,,,,,,,,,,,,,,,,,,
,299,0.9200376293508937,0.889090909090909,0.9042995839111844,0.971737323358271,0.9749791492910759,0.9733555370524063,0.9142273655547992,0.9511331444759207,0.9323151683442751,0.9829787234042551,0.9746835443037972,0.9788135593219838,0.9305464121132324,0.9448529411764706,0.9376451077943115,0.9618815896188159,0.959546925566343,0.9607128392061064,0.943692530220064,0.9502704952143154,0.946970089679075,0.958281315022888,0.9516478975100734,0.9549530869316799,9612,9211,9679,7.902191638946533,3,,,,,,,,,,,,,,,,,,,,,,,,,,,,,,,,,,,,,,,,,,,,,,,,,,,,,,,,,,,,,,,,,,,,,,,,,,,,,,,,,,,,,,,,,,,,,,,,,,,,,,,,,,,,,,,,
